{"cameraMode":{"drawMode":0,"name":"Shaded","section":"Shading Mode"},"sceneLighting":true,"audioPlay":false,"sceneViewState":{"m_AlwaysRefresh":false,"showFog":true,"showSkybox":true,"showFlares":true,"showImageEffects":true,"showParticleSystems":true,"showVisualEffectGraphs":true,"m_FxEnabled":true},"in2DMode":false,"pivot":{"x":3.418013095855713,"y":2.195924997329712,"z":-3.6462392807006838},"rotation":{"x":-0.040657397359609607,"y":0.9591659307479858,"z":-0.18825878202915193,"w":-0.20714733004570008},"size":11.544623374938965,"orthographic":false}